ticker,issuer_id,share_class,exclusion_reason,stitching_suspect,notes,first_date,last_date,n_obs,cohort,zero_volume_share,median_dollar_volume_last_year,include_in_universe,status_reason
AAPL,AAPL,,,false,,2000-01-03,2026-02-18,6571,orig2000,0.0,11238894485.0,true,
ABNB,ABNB,,,false,,2020-12-10,2026-02-18,1302,later,0.0,588694611.5,true,
ADBE,ADBE,,,false,,2000-01-03,2026-02-18,6571,orig2000,0.0,1316418103.0,true,
ADI,ADI,,,false,,2000-01-03,2026-02-18,6571,orig2000,0.0,830697404.0,true,
ADP,ADP,,,false,,2000-01-03,2026-02-18,6571,orig2000,0.0,511450129.5,true,
ADSK,ADSK,,,false,,2000-01-03,2026-02-18,6571,orig2000,0.0,416829870.0,true,
AEP,AEP,,,false,,2000-01-03,2026-02-18,6571,orig2000,0.0,350193413.5,true,
AMAT,AMAT,,,false,,2000-01-03,2026-02-18,6571,orig2000,0.0,1324889373.0,true,
AMD,AMD,,,false,,2000-01-03,2026-02-18,6571,orig2000,0.00015218383807639628,6450914558.0,true,
AMGN,AMGN,,,false,,2000-01-03,2026-02-18,6571,orig2000,0.0,747434507.5,true,
AMZN,AMZN,,,false,,2000-01-03,2026-02-18,6571,orig2000,0.0,9029843722.5,true,
APP,APP,,,false,,2021-04-15,2026-02-18,1217,later,0.0,2529248255.0,true,
ARM,ARM,,,false,,2023-09-14,2026-02-18,609,later,0.0,590497365.5,true,
ASML,ASML,,,false,,2000-01-03,2026-02-18,6571,orig2000,0.0,1242076595.0,true,
AVGO,AVGO,,,false,,2009-08-06,2026-02-18,4159,later,0.0,6285860343.5,true,
AZN,AZN,,illiquid non-representative series; 34% zero-volume days,false,,2009-02-13,2026-02-18,4279,later,0.34096751577471374,200466.5,false,curated: illiquid non-representative series; 34% zero-volume days; quality rule: zero-volume share 34.1% > 5.0%
BIIB,BIIB,,,false,,2000-01-03,2026-02-18,6571,orig2000,0.00030436767615279255,214318907.5,true,
BKNG,BKNG,,,false,,2000-01-03,2026-02-18,6571,orig2000,0.0,1147177417.0,true,
BKR,BKR,,,true,history appears to include predecessor company; unverified,2000-01-03,2026-02-18,6571,orig2000,0.00015218383807639628,313000006.0,true,
CCEP,CCEP,,,true,history appears to include predecessor company; unverified,2000-01-03,2026-02-18,6571,orig2000,0.0,155329402.5,true,
CDNS,CDNS,,,false,,2000-01-03,2026-02-18,6571,orig2000,0.0,538108321.0,true,
CDW,CDW,,,false,,2013-06-27,2026-02-18,3180,later,0.0,198087734.0,true,
CEG,CEG,,,false,,2022-01-19,2026-02-18,1024,later,0.0,865338413.0,true,
CHTR,CHTR,,,false,,2010-01-05,2026-02-18,4055,later,0.0044389642416769425,455159861.0,true,
CMCSA,CMCSA,,,false,,2000-01-03,2026-02-18,6571,orig2000,0.0,791303569.01,true,
COIN,COIN,,,false,,2021-04-14,2026-02-18,1218,later,0.0,2508252517.5,true,
COST,COST,,,false,,2000-01-03,2026-02-18,6571,orig2000,0.0,2103049830.5,true,
CPRT,CPRT,,,false,,2000-01-03,2026-02-18,6571,orig2000,0.0,306136499.0,true,
CRWD,CRWD,,,false,,2019-06-12,2026-02-18,1681,later,0.0,1282507735.0,true,
CSGP,CSGP,,,false,,2000-01-03,2026-02-18,6571,orig2000,0.0,244673715.0,true,
CTAS,CTAS,,,false,,2000-01-03,2026-02-18,6571,orig2000,0.0,338693041.5,true,
CTSH,CTSH,,,false,,2000-01-03,2026-02-18,6571,orig2000,0.0,287027405.0,true,
DASH,DASH,,,false,,2020-12-09,2026-02-18,1303,later,0.0,835394469.0,true,
DDOG,DDOG,,,false,,2019-09-19,2026-02-18,1612,later,0.0,587533072.5,true,
DLTR,DLTR,,,false,,2000-01-03,2026-02-18,6571,orig2000,0.0,360389376.5,true,
DXCM,DXCM,,,false,,2005-04-14,2026-02-18,5245,later,0.00019065776930409913,316243410.0,true,
EA,EA,,,false,,2000-01-03,2026-02-18,6571,orig2000,0.0,434214677.0,true,
EXC,EXC,,,false,,2000-01-03,2026-02-18,6571,orig2000,0.0,299116696.5,true,
FANG,FANG,,,false,,2012-10-12,2026-02-18,3355,later,0.0,289444570.0,true,
FAST,FAST,,,false,,2000-01-03,2026-02-18,6571,orig2000,0.0,267077678.0,true,
FTNT,FTNT,,,false,,2009-11-18,2026-02-18,4086,later,0.0,445315006.0,true,
GEHC,GEHC,,,false,,2022-12-15,2026-02-18,795,later,0.0,261217146.0,true,
GFS,GFS,,,false,,2021-10-28,2026-02-18,1080,later,0.0,83723520.5,true,
GILD,GILD,,,false,,2000-01-03,2026-02-18,6571,orig2000,0.0004565515142291889,828885008.0,true,
GOOG,GOOGL,C,duplicate share class of GOOGL,false,,2004-08-19,2026-02-18,5409,later,0.0,4900261557.0,false,curated: duplicate share class of GOOGL
GOOGL,GOOGL,A,,false,,2004-08-19,2026-02-18,5409,later,0.0,7388446550.5,true,
HON,HON,,,false,,2000-01-03,2026-02-18,6571,orig2000,0.0,823642641.5,true,
IDXX,IDXX,,,false,,2000-01-03,2026-02-18,6571,orig2000,0.0,301382074.0,true,
INTC,INTC,,,false,,2000-01-03,2026-02-18,6571,orig2000,0.0,2511104519.0,true,
INTU,INTU,,,false,,2000-01-03,2026-02-18,6571,orig2000,0.0,1150507645.5,true,
ISRG,ISRG,,,false,,2000-06-16,2026-02-18,6456,later,0.0,961523734.0,true,
KDP,KDP,,,true,history appears to include predecessor company; unverified,2008-05-07,2026-02-18,4474,later,0.0,385084422.5,true,
KHC,KHC,,,false,,2015-07-06,2026-02-18,2672,later,0.0,339674581.5,true,
KLAC,KLAC,,,false,,2000-01-03,2026-02-18,6571,orig2000,0.0,955600340.0,true,
LIN,LIN,,,true,history appears to include predecessor company; unverified,2000-01-03,2026-02-18,6571,orig2000,0.0,885125945.0,true,
LRCX,LRCX,,,false,,2000-01-03,2026-02-18,6571,orig2000,0.0,1228455115.5,true,
LULU,LULU,,,false,,2007-07-27,2026-02-18,4670,later,0.0,618419938.5,true,
MAR,MAR,,,false,,2000-01-03,2026-02-18,6571,orig2000,0.0,406603528.0,true,
MCHP,MCHP,,,false,,2000-01-03,2026-02-18,6571,orig2000,0.0,521899784.5,true,
MDB,MDB,,,false,,2017-10-19,2026-02-18,2093,later,0.0,479047350.5,true,
MDLZ,MDLZ,,,true,history appears to include predecessor company; unverified,2001-06-13,2026-02-18,6207,later,0.0,498702778.5,true,
MELI,MELI,,,false,,2007-08-10,2026-02-18,4660,later,0.0,885148052.5,true,
META,META,,,false,,2012-05-18,2026-02-18,3457,later,0.0,8912187484.5,true,
MNST,MNST,,,false,,2000-01-03,2026-02-18,6571,orig2000,0.003348044437680718,338022639.5,true,
MRNA,MRNA,,,false,,2018-12-07,2026-02-18,1808,later,0.0,265422462.0,true,
MRVL,MRVL,,,false,,2000-06-30,2026-02-18,6446,later,0.0,1209588152.0,true,
MSFT,MSFT,,,false,,2000-01-03,2026-02-18,6571,orig2000,0.0,9875083469.0,true,
MU,MU,,,false,,2000-01-03,2026-02-18,6571,orig2000,0.0,3180468990.0,true,
NFLX,NFLX,,,false,,2002-05-23,2026-02-18,5973,later,0.0,3889629127.5,true,
NVDA,NVDA,,,false,,2000-01-03,2026-02-18,6571,orig2000,0.0,30546656167.5,true,
NXPI,NXPI,,,false,,2010-08-06,2026-02-18,3907,later,0.0,560004731.0,true,
ODFL,ODFL,,,false,,2000-01-03,2026-02-18,6571,orig2000,0.010196317151118552,285077237.5,true,
ON,ON,,,false,,2000-05-02,2026-02-18,6488,later,0.0,429957781.0,true,
ORLY,ORLY,,,false,,2000-01-03,2026-02-18,6571,orig2000,0.0,486867805.0,true,
PANW,PANW,,,false,,2012-07-20,2026-02-18,3414,later,0.0,1030612779.0,true,
PAYX,PAYX,,,false,,2000-01-03,2026-02-18,6571,orig2000,0.0,311375498.0,true,
PCAR,PCAR,,,false,,2000-01-03,2026-02-18,6571,orig2000,0.0,274705270.5,true,
PDD,PDD,,,false,,2018-07-26,2026-02-18,1901,later,0.0,841771987.0,true,
PEP,PEP,,,false,,2000-01-03,2026-02-18,6571,orig2000,0.0,1132405358.5,true,
PLTR,PLTR,,,false,,2020-09-30,2026-02-18,1352,later,0.0,9205458124.5,true,
PYPL,PYPL,,,false,,2015-07-06,2026-02-18,2672,later,0.0,763983678.0,true,
QCOM,QCOM,,,false,,2000-01-03,2026-02-18,6571,orig2000,0.0,1271800030.0,true,
REGN,REGN,,,false,,2000-01-03,2026-02-18,6571,orig2000,0.0,596975631.0,true,
ROP,ROP,,,false,,2000-01-03,2026-02-18,6571,orig2000,0.0,373635280.5,true,
ROST,ROST,,,false,,2000-01-03,2026-02-18,6571,orig2000,0.0,394512823.5,true,
SBUX,SBUX,,,false,,2000-01-03,2026-02-18,6571,orig2000,0.0,807745237.5,true,
SMCI,SMCI,,,false,,2007-03-29,2026-02-18,4753,later,0.0,1374599417.0,true,
SNPS,SNPS,,,false,,2000-01-03,2026-02-18,6571,orig2000,0.0,735949060.5,true,
TEAM,TEAM,,,false,,2015-12-09,2026-02-18,2562,later,0.00039032006245121,443951385.5,true,
TMUS,TMUS,,,false,,2007-04-19,2026-02-18,4739,later,0.0,1007437032.0,true,
TSLA,TSLA,,,false,,2010-06-29,2026-02-18,3934,later,0.0,31165581993.0,true,
TTD,TTD,,,false,,2016-09-21,2026-02-18,2365,later,0.0,527977629.5,true,
TTWO,TTWO,,,false,,2000-01-03,2026-02-18,6571,orig2000,0.002587125247298737,375498143.5,true,
TXN,TXN,,,false,,2000-01-03,2026-02-18,6571,orig2000,0.0,1223901265.5,true,
VRSK,VRSK,,,false,,2009-10-07,2026-02-18,4116,later,0.0,264195510.5,true,
VRTX,VRTX,,,false,,2000-01-03,2026-02-18,6571,orig2000,0.00015218383807639628,616560993.0,true,
WBD,WBD,,,true,history appears to include predecessor company; unverified,2005-07-08,2026-02-18,5186,later,0.0,596787625.5,true,
WDAY,WDAY,,,false,,2012-10-12,2026-02-18,3355,later,0.0,533224729.5,true,
XEL,XEL,,,false,,2000-01-03,2026-02-18,6571,orig2000,0.00015218383807639628,289998778.5,true,
ZS,ZS,,,false,,2018-03-16,2026-02-18,1992,later,0.0,443911386.0,true,
